{"cameraMode":{"drawMode":0,"name":"Shaded","section":"Shading Mode"},"sceneLighting":true,"audioPlay":false,"sceneViewState":{"m_AlwaysRefresh":false,"showFog":true,"showSkybox":true,"showFlares":true,"showImageEffects":true,"showParticleSystems":true,"showVisualEffectGraphs":true,"m_FxEnabled":true},"in2DMode":false,"pivot":{"x":-2.9807252883911135,"y":1.820585012435913,"z":-2.5708861351013185},"rotation":{"x":0.10017257183790207,"y":0.7827515006065369,"z":-0.12945915758609773,"w":0.6007387638092041},"size":0.8115091919898987,"orthographic":false}